Sentiment,Avg_Likes,Avg_Retweets
Positive,75.75757575757575,25.78787878787879
Neutral,75.66666666666667,25.38888888888889
Negative,75.3225806451613,24.193548387096776
