AgeGroup,Avg_Likes,Avg_Retweets
Senior,82.81818181818181,24.0
Teen,77.13157894736842,25.18421052631579
Adult,72.96551724137932,25.96551724137931
